{
  "model": {
    "type": "select",
    "property": "custom_model_data",
    "fallback": {
      "type": "model",
      "model": "item/music_disc_13"
    },
    "cases": [
      {
        "when": "hammer0",
        "model": {
          "type": "model",
          "model": "item/hammer0"
        }
      },
      {
        "when": "cpr1",
        "model": {
          "type": "model",
          "model": "item/cpr1"
        }
      },
      {
        "when": "one_of_my_bedbugs_ate_my_pussy2",
        "model": {
          "type": "model",
          "model": "item/one_of_my_bedbugs_ate_my_pussy2"
        }
      }
    ]
  }
}