{
	"format_version": "1.21.6",
	"credit": "Made with Blockbench",
	"textures": {
		"layer0": "item/bow"
	},
	"elements": [
		{
			"from": [10.70711, 2.29289, 7],
			"to": [13.70711, 5.29289, 10],
			"rotation": {"angle": 45, "axis": "z", "origin": [10.20711, 5.29289, 8.5]},
			"faces": {
				"north": {"uv": [5, 6.25, 8, 9.25], "texture": "#layer0"},
				"east": {"uv": [5, 6.25, 8, 9.25], "texture": "#layer0"},
				"south": {"uv": [5, 6.25, 8, 9.25], "texture": "#layer0"},
				"west": {"uv": [5, 6.25, 8, 9.25], "texture": "#layer0"},
				"up": {"uv": [5, 6.25, 8, 9.25], "texture": "#layer0"},
				"down": {"uv": [5, 6.25, 8, 9.25], "texture": "#layer0"}
			}
		},
		{
			"from": [6.70711, 2.29289, 7],
			"to": [9.70711, 5.29289, 10],
			"rotation": {"angle": 45, "axis": "z", "origin": [10.20711, 5.29289, 8.5]},
			"faces": {
				"north": {"uv": [5, 6.25, 8, 9.25], "texture": "#layer0"},
				"east": {"uv": [5, 6.25, 8, 9.25], "texture": "#layer0"},
				"south": {"uv": [5, 6.25, 8, 9.25], "texture": "#layer0"},
				"west": {"uv": [5, 6.25, 8, 9.25], "texture": "#layer0"},
				"up": {"uv": [5, 6.25, 8, 9.25], "texture": "#layer0"},
				"down": {"uv": [5, 6.25, 8, 9.25], "texture": "#layer0"}
			}
		},
		{
			"from": [8.70711, 4.29289, 7.5],
			"to": [11.70711, 15.29289, 9.5],
			"rotation": {"angle": 45, "axis": "z", "origin": [10.20711, 5.29289, 8.5]},
			"faces": {
				"north": {"uv": [4, 16, 13, 3], "rotation": 180, "texture": "#layer0"},
				"east": {"uv": [4, 16, 12, 3], "rotation": 180, "texture": "#layer0"},
				"south": {"uv": [4, 16, 13, 3], "rotation": 180, "texture": "#layer0"},
				"west": {"uv": [4, 16, 12, 3], "rotation": 180, "texture": "#layer0"},
				"up": {"uv": [7, 3, 10, 2], "rotation": 180, "texture": "#layer0"},
				"down": {"uv": [5, 8, 8, 6], "texture": "#layer0"}
			}
		}
	],
	"overrides": [
		{"predicate": {"pulling": 1}, "model": "item/bow_pulling_0"},
		{"predicate": {"pulling": 1, "pull": 0.65}, "model": "item/bow_pulling_1"},
		{"predicate": {"pulling": 1, "pull": 0.9}, "model": "item/bow_pulling_2"}
	],
	"display": {
		"thirdperson_righthand": {
			"rotation": [142.5, -80, 140],
			"translation": [-1, 4, -2.75],
			"scale": [0.9, 0.9, 0.9]
		},
		"thirdperson_lefthand": {
			"rotation": [126.34, -78.7, 173.15],
			"translation": [-1.75, 4.75, 1.25],
			"scale": [0.9, 0.9, 0.9]
		},
		"firstperson_righthand": {
			"rotation": [18.69, -73.5, 44.09],
			"translation": [0.13, 5.2, 1.13],
			"scale": [0.68, 0.68, 0.68]
		},
		"firstperson_lefthand": {
			"rotation": [0, 90, -25],
			"translation": [1.13, 3.2, 1.13],
			"scale": [0.68, 0.68, 0.68]
		},
		"ground": {
			"translation": [0, 4.75, 0]
		}
	}
}