{
	"format_version": "1.21.6",
	"credit": "Made with Blockbench",
	"texture_size": [33, 16],
	"textures": {
		"layer0": "item/hammer1"
	},
	"elements": [
		{
			"from": [4, 0, 0],
			"to": [20, 16, 3],
			"faces": {
				"north": {"uv": [7.75758, 0, 16, 16], "texture": "#layer0"},
				"east": {"uv": [15.51515, 11, 16, 16], "texture": "#layer0"},
				"south": {"uv": [16, 11, 16, 16], "texture": "#layer0"},
				"west": {"uv": [15.51515, 11, 16, 16], "texture": "#layer0"},
				"up": {"uv": [16, 11, 16, 7], "texture": "#layer0"},
				"down": {"uv": [16, 11, 16, 7], "texture": "#layer0"}
			}
		},
		{
			"from": [-4, 4, 1],
			"to": [8, 12, 2],
			"faces": {
				"north": {"uv": [5.81818, 5, 6.30303, 6], "texture": "#layer0"},
				"east": {"uv": [6.78788, 8, 7.27273, 9], "texture": "#layer0"},
				"south": {"uv": [5.81818, 5, 6.30303, 6], "texture": "#layer0"},
				"west": {"uv": [5.81818, 4, 6.30303, 5], "texture": "#layer0"},
				"up": {"uv": [6.30303, 6, 6.78788, 5], "texture": "#layer0"},
				"down": {"uv": [6.30303, 5, 6.30303, 6], "texture": "#layer0"}
			}
		},
		{
			"from": [0, 6, 0.825],
			"to": [4, 10, 1],
			"rotation": {"angle": 0, "axis": "z", "origin": [-8, 8, 1.5]},
			"faces": {
				"north": {"uv": [8.24242, 1, 15.51515, 15], "texture": "#layer0"},
				"east": {"uv": [8.24242, 7, 7.84242, 12], "texture": "#layer0"},
				"south": {"uv": [8.24242, 7, 9.69697, 12], "texture": "#layer0"},
				"west": {"uv": [8.24242, 7, 7.84242, 12], "texture": "#layer0"},
				"up": {"uv": [8.24242, 7, 9.69697, 8.175], "texture": "#layer0"},
				"down": {"uv": [8.24242, 7, 9.69697, 8.175], "texture": "#layer0"}
			}
		},
		{
			"from": [-0.5, 6.5, 0.9],
			"to": [4.5, 9.5, 1],
			"rotation": {"angle": 0, "axis": "z", "origin": [-8, 8, 1.5]},
			"faces": {
				"north": {"uv": [7.75758, 3, 16, 14], "texture": "#layer0"},
				"east": {"uv": [8.24242, 7, 7.80606, 11], "texture": "#layer0"},
				"south": {"uv": [8.24242, 7, 10.18182, 11], "texture": "#layer0"},
				"west": {"uv": [8.24242, 7, 7.80606, 11], "texture": "#layer0"},
				"up": {"uv": [8.24242, 7, 10.18182, 8.1], "texture": "#layer0"},
				"down": {"uv": [8.24242, 7, 10.18182, 8.1], "texture": "#layer0"}
			}
		},
		{
			"from": [0.5, 5.5, 0.9],
			"to": [3.5, 10.5, 1],
			"rotation": {"angle": 0, "axis": "z", "origin": [-8, 8, 1.5]},
			"faces": {
				"north": {"uv": [9.21212, 0, 14.54545, 16], "texture": "#layer0"},
				"east": {"uv": [8.24242, 7, 10.18182, 8.1], "rotation": 90, "texture": "#layer0"},
				"south": {"uv": [8.24242, 7, 10.18182, 11], "rotation": 90, "texture": "#layer0"},
				"west": {"uv": [8.24242, 7, 10.18182, 8.1], "rotation": 90, "texture": "#layer0"},
				"up": {"uv": [8.24242, 7, 7.80606, 11], "rotation": 90, "texture": "#layer0"},
				"down": {"uv": [8.24242, 7, 7.80606, 11], "rotation": 90, "texture": "#layer0"}
			}
		},
		{
			"from": [0, 1, 1],
			"to": [4, 15, 2],
			"rotation": {"angle": 0, "axis": "z", "origin": [-8, 8, 1.5]},
			"faces": {
				"north": {"uv": [5.81818, 5, 6.30303, 7], "rotation": 270, "texture": "#layer0"},
				"east": {"uv": [3.87879, 3, 4.36364, 4], "rotation": 90, "texture": "#layer0"},
				"south": {"uv": [5.81818, 5, 6.30303, 7], "rotation": 90, "texture": "#layer0"},
				"west": {"uv": [6.78788, 9, 7.27273, 10], "rotation": 90, "texture": "#layer0"},
				"up": {"uv": [5.81818, 4, 6.30303, 5], "rotation": 90, "texture": "#layer0"},
				"down": {"uv": [6.30303, 6, 6.30303, 8], "rotation": 90, "texture": "#layer0"}
			}
		},
		{
			"from": [-5, 6, 1],
			"to": [9, 10, 2],
			"rotation": {"angle": 0, "axis": "z", "origin": [-8, 8, 1.5]},
			"faces": {
				"north": {"uv": [5.81818, 5, 6.30303, 7], "rotation": 180, "texture": "#layer0"},
				"east": {"uv": [6.30303, 6, 6.30303, 8], "rotation": 180, "texture": "#layer0"},
				"south": {"uv": [5.81818, 5, 6.30303, 7], "rotation": 180, "texture": "#layer0"},
				"west": {"uv": [6.30303, 6, 6.30303, 8], "rotation": 180, "texture": "#layer0"},
				"up": {"uv": [4.84848, 4, 5.33333, 5], "rotation": 180, "texture": "#layer0"},
				"down": {"uv": [6.78788, 6, 7.27273, 7], "rotation": 180, "texture": "#layer0"}
			}
		},
		{
			"from": [-2, 2, 1],
			"to": [6, 14, 2],
			"rotation": {"angle": 0, "axis": "z", "origin": [-8, 8, 1.5]},
			"faces": {
				"north": {"uv": [5.81818, 6, 6.30303, 7], "rotation": 270, "texture": "#layer0"},
				"east": {"uv": [6.30303, 5, 6.30303, 6], "rotation": 90, "texture": "#layer0"},
				"south": {"uv": [5.81818, 5, 6.30303, 6], "rotation": 90, "texture": "#layer0"},
				"west": {"uv": [6.30303, 5, 6.30303, 6], "rotation": 90, "texture": "#layer0"},
				"up": {"uv": [6.78788, 8, 7.27273, 7], "rotation": 90, "texture": "#layer0"},
				"down": {"uv": [6.78788, 6, 7.27273, 7], "rotation": 90, "texture": "#layer0"}
			}
		},
		{
			"from": [-3, 3, 1],
			"to": [7, 13, 2],
			"rotation": {"angle": 0, "axis": "z", "origin": [-8, 8, 1.5]},
			"faces": {
				"north": {"uv": [5.81818, 7, 6.30303, 6], "rotation": 270, "texture": "#layer0"},
				"east": {"uv": [6.30303, 5, 6.30303, 6], "rotation": 90, "texture": "#layer0"},
				"south": {"uv": [5.81818, 7, 6.30303, 6], "rotation": 90, "texture": "#layer0"},
				"west": {"uv": [6.30303, 5, 6.30303, 6], "rotation": 90, "texture": "#layer0"},
				"up": {"uv": [4.84848, 4, 5.81818, 5], "rotation": 90, "texture": "#layer0"},
				"down": {"uv": [6.30303, 10, 6.78788, 9], "rotation": 90, "texture": "#layer0"}
			}
		}
	]
}