{
    "type": "minecraft:entity",
    "pools": [
        {
            "bonus_rolls": 0,
            "entries": [
                {
                    "type": "minecraft:item",
                    "functions": [
                        {
                            "add": false,
                            "count": {
                                "type": "minecraft:uniform",
                                "max": 2,
                                "min": 0
                            },
                            "function": "minecraft:set_count"
                        },
                        {
                            "count": {
                                "type": "minecraft:uniform",
                                "max": 1,
                                "min": 0
                            },
                            "enchantment": "minecraft:looting",
                            "function": "minecraft:enchanted_count_increase"
                        }
                    ],
                    "name": "minecraft:gunpowder"
                }
            ],
            "rolls": 1
        },
        {
            "bonus_rolls": 0,
            "conditions": [
                {
                    "condition": "minecraft:entity_properties",
                    "entity": "attacker",
                    "predicate": {
                        "type": "#minecraft:skeletons"
                    }
                }
            ],
            "entries": [
                {
                    "type": "minecraft:tag",
                    "expand": true,
                    "name": "minecraft:creeper_drop_music_discs"
                },
                {
                    "type": "minecraft:item",
                    "name": "minecraft:music_disc_13",
                    "functions": [
                        {
                            "function": "minecraft:set_components",
                            "components": {
                                "minecraft:custom_model_data": {
                                    "strings": [
                                        "hammer0"
                                    ]
                                },
                                "minecraft:jukebox_playable": "new_music:hammer0"
                            }
                        }
                    ]
                },
                {
                    "type": "minecraft:item",
                    "name": "minecraft:music_disc_13",
                    "functions": [
                        {
                            "function": "minecraft:set_components",
                            "components": {
                                "minecraft:custom_model_data": {
                                    "strings": [
                                        "cpr1"
                                    ]
                                },
                                "minecraft:jukebox_playable": "new_music:cpr1"
                            }
                        }
                    ]
                },
                {
                    "type": "minecraft:item",
                    "name": "minecraft:music_disc_13",
                    "functions": [
                        {
                            "function": "minecraft:set_components",
                            "components": {
                                "minecraft:custom_model_data": {
                                    "strings": [
                                        "one_of_my_bedbugs_ate_my_pussy2"
                                    ]
                                },
                                "minecraft:jukebox_playable": "new_music:one_of_my_bedbugs_ate_my_pussy2"
                            }
                        }
                    ]
                }
            ],
            "rolls": 1
        }
    ],
    "random_sequence": "minecraft:entities/creeper"
}