{
  "music_disc.one_of_my_bedbugs_ate_my_pussy0": {
    "sounds": [
      {
        "name": "records/music_disc_one_of_my_bedbugs_ate_my_pussy0",
        "stream": true
      }
    ]
  },
  "music_disc.hammer1": {
    "sounds": [
      {
        "name": "records/music_disc_hammer1",
        "stream": true
      }
    ]
  },
  "music_disc.what_was_that2": {
    "sounds": [
      {
        "name": "records/music_disc_what_was_that2",
        "stream": true
      }
    ]
  },
  "music_disc.shapeshifter3": {
    "sounds": [
      {
        "name": "records/music_disc_shapeshifter3",
        "stream": true
      }
    ]
  },
  "music_disc.man_of_the_year4": {
    "sounds": [
      {
        "name": "records/music_disc_man_of_the_year4",
        "stream": true
      }
    ]
  },
  "music_disc.favourite_daughter5": {
    "sounds": [
      {
        "name": "records/music_disc_favourite_daughter5",
        "stream": true
      }
    ]
  },
  "music_disc.current_affairs6": {
    "sounds": [
      {
        "name": "records/music_disc_current_affairs6",
        "stream": true
      }
    ]
  },
  "music_disc.clearblue7": {
    "sounds": [
      {
        "name": "records/music_disc_clearblue7",
        "stream": true
      }
    ]
  },
  "music_disc.grwm8": {
    "sounds": [
      {
        "name": "records/music_disc_grwm8",
        "stream": true
      }
    ]
  },
  "music_disc.broken_glass9": {
    "sounds": [
      {
        "name": "records/music_disc_broken_glass9",
        "stream": true
      }
    ]
  },
  "music_disc.if_she_could_see_me_now10": {
    "sounds": [
      {
        "name": "records/music_disc_if_she_could_see_me_now10",
        "stream": true
      }
    ]
  },
  "music_disc.david11": {
    "sounds": [
      {
        "name": "records/music_disc_david11",
        "stream": true
      }
    ]
  },
  "music_disc.princess_of_power12": {
    "sounds": [
      {
        "name": "records/music_disc_princess_of_power12",
        "stream": true
      }
    ]
  },
  "music_disc.butterfly13": {
    "sounds": [
      {
        "name": "records/music_disc_butterfly13",
        "stream": true
      }
    ]
  },
  "music_disc.cuntissimo14": {
    "sounds": [
      {
        "name": "records/music_disc_cuntissimo14",
        "stream": true
      }
    ]
  },
  "music_disc.rollercoaster15": {
    "sounds": [
      {
        "name": "records/music_disc_rollercoaster15",
        "stream": true
      }
    ]
  },
  "music_disc.cupid_s_girl16": {
    "sounds": [
      {
        "name": "records/music_disc_cupid_s_girl16",
        "stream": true
      }
    ]
  },
  "music_disc.metallic_stallion17": {
    "sounds": [
      {
        "name": "records/music_disc_metallic_stallion17",
        "stream": true
      }
    ]
  },
  "music_disc.je_ne_sais_quoi18": {
    "sounds": [
      {
        "name": "records/music_disc_je_ne_sais_quoi18",
        "stream": true
      }
    ]
  },
  "music_disc.digital_fantasy19": {
    "sounds": [
      {
        "name": "records/music_disc_digital_fantasy19",
        "stream": true
      }
    ]
  },
  "music_disc.everybody_knows_i_m_sad20": {
    "sounds": [
      {
        "name": "records/music_disc_everybody_knows_i_m_sad20",
        "stream": true
      }
    ]
  },
  "music_disc.hello_kitty21": {
    "sounds": [
      {
        "name": "records/music_disc_hello_kitty21",
        "stream": true
      }
    ]
  },
  "music_disc.i__3_you22": {
    "sounds": [
      {
        "name": "records/music_disc_i__3_you22",
        "stream": true
      }
    ]
  },
  "music_disc.adult_girl23": {
    "sounds": [
      {
        "name": "records/music_disc_adult_girl23",
        "stream": true
      }
    ]
  },
  "music_disc.final_boss24": {
    "sounds": [
      {
        "name": "records/music_disc_final_boss24",
        "stream": true
      }
    ]
  },
  "music_disc.36025": {
    "sounds": [
      {
        "name": "records/music_disc_36025",
        "stream": true
      }
    ]
  },
  "music_disc.club_classics26": {
    "sounds": [
      {
        "name": "records/music_disc_club_classics26",
        "stream": true
      }
    ]
  },
  "music_disc.sympathy_is_a_knife27": {
    "sounds": [
      {
        "name": "records/music_disc_sympathy_is_a_knife27",
        "stream": true
      }
    ]
  },
  "music_disc.i_might_say_something_stupid28": {
    "sounds": [
      {
        "name": "records/music_disc_i_might_say_something_stupid28",
        "stream": true
      }
    ]
  },
  "music_disc.talk_talk29": {
    "sounds": [
      {
        "name": "records/music_disc_talk_talk29",
        "stream": true
      }
    ]
  },
  "music_disc.von_dutch30": {
    "sounds": [
      {
        "name": "records/music_disc_von_dutch30",
        "stream": true
      }
    ]
  },
  "music_disc.everything_is_romantic31": {
    "sounds": [
      {
        "name": "records/music_disc_everything_is_romantic31",
        "stream": true
      }
    ]
  },
  "music_disc.rewind32": {
    "sounds": [
      {
        "name": "records/music_disc_rewind32",
        "stream": true
      }
    ]
  },
  "music_disc.so_i33": {
    "sounds": [
      {
        "name": "records/music_disc_so_i33",
        "stream": true
      }
    ]
  },
  "music_disc.girl__so_confusing34": {
    "sounds": [
      {
        "name": "records/music_disc_girl__so_confusing34",
        "stream": true
      }
    ]
  },
  "music_disc.apple35": {
    "sounds": [
      {
        "name": "records/music_disc_apple35",
        "stream": true
      }
    ]
  },
  "music_disc.b2b36": {
    "sounds": [
      {
        "name": "records/music_disc_b2b36",
        "stream": true
      }
    ]
  },
  "music_disc.mean_girls37": {
    "sounds": [
      {
        "name": "records/music_disc_mean_girls37",
        "stream": true
      }
    ]
  },
  "music_disc.i_think_about_it_all_the_time38": {
    "sounds": [
      {
        "name": "records/music_disc_i_think_about_it_all_the_time38",
        "stream": true
      }
    ]
  },
  "music_disc.36539": {
    "sounds": [
      {
        "name": "records/music_disc_36539",
        "stream": true
      }
    ]
  },
  "music_disc.hello_goodbye40": {
    "sounds": [
      {
        "name": "records/music_disc_hello_goodbye40",
        "stream": true
      }
    ]
  },
  "music_disc.guess41": {
    "sounds": [
      {
        "name": "records/music_disc_guess41",
        "stream": true
      }
    ]
  },
  "music_disc.spring_breakers42": {
    "sounds": [
      {
        "name": "records/music_disc_spring_breakers42",
        "stream": true
      }
    ]
  },
  "music_disc.360_featuring_robyn___yung_lean43": {
    "sounds": [
      {
        "name": "records/music_disc_360_featuring_robyn___yung_lean43",
        "stream": true
      }
    ]
  },
  "music_disc.club_classics_featuring_bb_trickz44": {
    "sounds": [
      {
        "name": "records/music_disc_club_classics_featuring_bb_trickz44",
        "stream": true
      }
    ]
  },
  "music_disc.sympathy_is_a_knife_featuring_ariana_grande45": {
    "sounds": [
      {
        "name": "records/music_disc_sympathy_is_a_knife_featuring_ariana_grande45",
        "stream": true
      }
    ]
  },
  "music_disc.i_might_say_something_stupid_featuring_the_1975___jon_hopkins46": {
    "sounds": [
      {
        "name": "records/music_disc_i_might_say_something_stupid_featuring_the_1975___jon_hopkins46",
        "stream": true
      }
    ]
  },
  "music_disc.talk_talk_featuring_troye_sivan47": {
    "sounds": [
      {
        "name": "records/music_disc_talk_talk_featuring_troye_sivan47",
        "stream": true
      }
    ]
  },
  "music_disc.von_dutch_a__g48": {
    "sounds": [
      {
        "name": "records/music_disc_von_dutch_a__g48",
        "stream": true
      }
    ]
  },
  "music_disc.everything_is_romantic_featuring_caroline_polachek49": {
    "sounds": [
      {
        "name": "records/music_disc_everything_is_romantic_featuring_caroline_polachek49",
        "stream": true
      }
    ]
  },
  "music_disc.rewind_featuring_bladee50": {
    "sounds": [
      {
        "name": "records/music_disc_rewind_featuring_bladee50",
        "stream": true
      }
    ]
  },
  "music_disc.so_i_featuring_a__g51": {
    "sounds": [
      {
        "name": "records/music_disc_so_i_featuring_a__g51",
        "stream": true
      }
    ]
  },
  "music_disc.girl__so_confusing_featuring_lorde52": {
    "sounds": [
      {
        "name": "records/music_disc_girl__so_confusing_featuring_lorde52",
        "stream": true
      }
    ]
  },
  "music_disc.apple_featuring_the_japanese_house53": {
    "sounds": [
      {
        "name": "records/music_disc_apple_featuring_the_japanese_house53",
        "stream": true
      }
    ]
  },
  "music_disc.b2b__featuring_tinashe54": {
    "sounds": [
      {
        "name": "records/music_disc_b2b__featuring_tinashe54",
        "stream": true
      }
    ]
  },
  "music_disc.mean_girls__featuring_julian_casablancas55": {
    "sounds": [
      {
        "name": "records/music_disc_mean_girls__featuring_julian_casablancas55",
        "stream": true
      }
    ]
  },
  "music_disc.i_think_about_it_all_the_time_featuring_bon_iver56": {
    "sounds": [
      {
        "name": "records/music_disc_i_think_about_it_all_the_time_featuring_bon_iver56",
        "stream": true
      }
    ]
  },
  "music_disc.365_featuring_shygirl57": {
    "sounds": [
      {
        "name": "records/music_disc_365_featuring_shygirl57",
        "stream": true
      }
    ]
  },
  "music_disc.guess_featuring_billie_eilish58": {
    "sounds": [
      {
        "name": "records/music_disc_guess_featuring_billie_eilish58",
        "stream": true
      }
    ]
  },
  "music_disc.spring_breakers_featuring_kesha59": {
    "sounds": [
      {
        "name": "records/music_disc_spring_breakers_featuring_kesha59",
        "stream": true
      }
    ]
  },
  "music_disc.von_dutch_remix_with_skream_and_benga60": {
    "sounds": [
      {
        "name": "records/music_disc_von_dutch_remix_with_skream_and_benga60",
        "stream": true
      }
    ]
  },
  "music_disc.cpr61": {
    "sounds": [
      {
        "name": "records/music_disc_cpr61",
        "stream": true
      }
    ]
  }
}